pc_t_s,esp_ts_us,trial_idx,segment_idx,segment_t_s,cycle_idx,phase,encoder_count,theta_counts,theta_rad,position_steps,command_speed_hz,applied_speed_hz,applied_acc,limit,fault,enabled,soft_limit,start,stop_reason
0.030085,36544998,1,0,0.030085,1,move_first,2,-3999,-3.14080726,-60,6000.000,0.000,190000,0,0,1,0,1,
0.060307,36576998,1,0,0.060307,1,move_first,1,-4000,-3.14159265,-6,6000.000,4558.860,190000,0,0,1,0,1,
0.091009,36606998,1,0,0.091009,1,move_first,1,-4000,-3.14159265,169,6000.000,6000.000,190000,0,0,1,0,1,
0.121427,36636998,1,0,0.121427,1,move_first,-5,3994,3.13688026,349,6000.000,6000.000,190000,0,0,1,0,1,
0.151896,36666998,1,0,0.151896,1,move_first,-19,3980,3.12588469,529,6000.000,6000.000,190000,0,0,1,0,1,
0.182596,36698001,1,0,0.182596,1,move_first,-36,3963,3.11253292,715,6000.000,6000.000,190000,0,0,1,0,1,
0.212900,36728001,1,0,0.212900,1,move_first,-50,3949,3.10153735,895,6000.000,6000.000,190000,0,0,1,0,1,
0.243369,36758998,1,0,0.243369,1,move_first,-63,3936,3.09132717,1080,6000.000,6000.000,190000,0,0,1,0,1,
0.274980,36788998,1,0,0.274980,1,move_first,-75,3924,3.08190239,1260,6000.000,6000.000,190000,0,0,1,0,1,
0.305349,36824998,1,0,0.305349,1,move_first,-86,3913,3.07326301,1476,6000.000,6000.000,190000,0,0,1,0,1,
0.335836,36857074,1,0,0.335836,1,move_first,-94,3905,3.06697983,1669,6000.000,6000.000,190000,0,0,1,0,1,
0.366207,36882001,1,0,0.366207,1,move_first,-97,3902,3.06462363,1818,6000.000,6000.000,190000,0,0,1,0,1,
0.397223,36912001,1,0,0.397223,1,move_first,-100,3899,3.06226744,1998,6000.000,6000.000,190000,0,0,1,0,1,
0.427290,36942998,1,0,0.427290,1,move_first,-100,3899,3.06226744,2184,6000.000,6000.000,190000,0,0,1,0,1,
0.457971,36972998,1,0,0.457971,1,move_first,-97,3902,3.06462363,2364,6000.000,6000.000,190000,0,0,1,0,1,
0.488388,37004001,1,0,0.488388,1,move_first,-92,3907,3.06855062,2550,6000.000,6000.000,190000,0,0,1,0,1,
0.518883,37034001,1,0,0.518883,1,move_first,-85,3914,3.07404841,2730,6000.000,6000.000,190000,0,0,1,0,1,
0.549136,37064998,1,0,0.549136,1,move_first,-75,3924,3.08190239,2916,6000.000,6000.000,190000,0,0,1,0,1,
0.579685,37094998,1,0,0.579685,1,move_first,-64,3935,3.09054177,3096,6000.000,6000.000,190000,0,0,1,0,1,
0.610265,37126001,1,0,0.610265,1,move_first,-51,3948,3.10075195,3282,6000.000,6000.000,190000,0,0,1,0,1,
0.641054,37156001,1,0,0.641054,1,move_first,-38,3961,3.11096213,3462,6000.000,6000.000,190000,0,0,1,0,1,
0.671458,37186998,1,0,0.671458,1,move_first,-22,3977,3.12352850,3648,6000.000,6000.000,190000,0,0,1,0,1,
0.702167,37216998,1,0,0.702167,1,move_first,-7,3992,3.13530947,3828,6000.000,6000.000,190000,0,0,1,0,1,
0.732467,37248001,1,0,0.732467,1,move_first,9,-3992,-3.13530947,4014,6000.000,6000.000,190000,0,0,1,0,1,
0.763216,37278001,1,0,0.763216,1,move_first,25,-3976,-3.12274310,4194,6000.000,6000.000,190000,0,0,1,0,1,
0.793718,37308998,1,0,0.793718,1,move_first,39,-3962,-3.11174752,4380,6000.000,6000.000,190000,0,0,1,0,1,
0.824039,37338998,1,0,0.824039,1,move_first,52,-3949,-3.10153735,4560,6000.000,6000.000,190000,0,0,1,0,1,
0.854671,37370001,1,0,0.854671,1,move_first,65,-3936,-3.09132717,4746,6000.000,6000.000,190000,0,0,1,0,1,
0.885065,37406080,1,0,0.885065,1,move_first,77,-3924,-3.08190239,4962,6000.000,6000.000,190000,0,0,1,0,1,
0.915523,37430998,1,0,0.915523,1,move_first,84,-3917,-3.07640461,5112,6000.000,6000.000,190000,0,0,1,0,1,
0.945985,37460998,1,0,0.945985,1,move_first,90,-3911,-3.07169222,5292,6000.000,6000.000,190000,0,0,1,0,1,
0.976473,37492001,1,0,0.976473,1,move_first,94,-3907,-3.06855062,5478,6000.000,6000.000,190000,0,0,1,0,1,
1.007055,37522001,1,0,1.007055,1,move_first,95,-3906,-3.06776523,5658,6000.000,6000.000,190000,0,0,1,0,1,
1.037727,37552998,1,0,1.037727,1,move_first,94,-3907,-3.06855062,5844,6000.000,6000.000,190000,0,0,1,0,1,
1.068054,37582998,1,0,1.068054,1,move_first,91,-3910,-3.07090682,6023,6000.000,6000.000,190000,0,0,1,0,1,
1.098502,37614001,1,0,1.098502,1,move_first,86,-3915,-3.07483381,6209,6000.000,6000.000,190000,0,0,1,0,1,
1.129192,37644001,1,0,1.129192,1,move_first,78,-3923,-3.08111700,6389,6000.000,6000.000,190000,0,0,1,0,1,
1.160743,37674998,1,0,1.160743,1,move_first,69,-3932,-3.08818558,6575,6000.000,6000.000,190000,0,0,1,0,1,
1.191014,37712080,1,0,1.191014,1,move_first,54,-3947,-3.09996655,6798,6000.000,6000.000,190000,0,0,1,0,1,
1.221746,37736998,1,1,0.000000,1,stop_first,43,-3958,-3.10860593,6947,0.000,6000.000,190000,0,0,1,0,1,
1.252224,37766998,1,1,0.030478,1,stop_first,30,-3971,-3.11881611,7127,0.000,6000.000,190000,0,0,1,0,1,
1.282428,37798998,1,1,0.060682,1,stop_first,17,-3984,-3.12902628,7265,0.000,1440.760,190000,0,0,1,0,1,
1.313082,37828998,1,1,0.091336,1,stop_first,16,-3985,-3.12981168,7270,0.000,0.000,190000,0,0,1,0,1,
1.343289,37858998,1,1,0.121543,1,stop_first,17,-3984,-3.12902628,7270,0.000,0.000,190000,0,0,1,0,1,
1.374029,37888998,1,1,0.152283,1,stop_first,17,-3984,-3.12902628,7270,0.000,0.000,190000,0,0,1,0,1,
1.404237,37920001,1,1,0.182491,1,stop_first,17,-3984,-3.12902628,7270,0.000,0.000,190000,0,0,1,0,1,
1.434736,37950001,1,1,0.212990,1,stop_first,16,-3985,-3.12981168,7270,0.000,0.000,190000,0,0,1,0,1,
1.465436,37980998,1,1,0.243690,1,stop_first,15,-3986,-3.13059708,7270,0.000,0.000,190000,0,0,1,0,1,
1.495709,38010998,1,1,0.273963,1,stop_first,14,-3987,-3.13138248,7270,0.000,0.000,190000,0,0,1,0,1,
1.526274,38042001,1,1,0.304528,1,stop_first,12,-3989,-3.13295327,7270,0.000,0.000,190000,0,0,1,0,1,
1.556927,38072001,1,1,0.335181,1,stop_first,10,-3991,-3.13452407,7270,0.000,0.000,190000,0,0,1,0,1,
1.587377,38102998,1,1,0.365631,1,stop_first,8,-3993,-3.13609487,7270,0.000,0.000,190000,0,0,1,0,1,
1.617942,38132998,1,1,0.396196,1,stop_first,6,-3995,-3.13766566,7270,0.000,0.000,190000,0,0,1,0,1,
1.648776,38164001,1,1,0.427030,1,stop_first,3,-3998,-3.14002186,7270,0.000,0.000,190000,0,0,1,0,1,
1.679128,38194001,1,1,0.457382,1,stop_first,1,-4000,-3.14159265,7270,0.000,0.000,190000,0,0,1,0,1,
1.709806,38224998,1,1,0.488060,1,stop_first,-2,3997,3.13923646,7270,0.000,0.000,190000,0,0,1,0,1,
1.740284,38261074,1,2,0.000000,1,move_second,-4,3995,3.13766566,7270,-6000.000,0.000,190000,0,0,1,0,1,
1.770944,38286001,1,2,0.030661,1,move_second,-6,3993,3.13609487,7270,-6000.000,0.000,190000,0,0,1,0,1,
1.801682,38316998,1,2,0.061399,1,move_second,-5,3994,3.13688026,7206,-6000.000,-4940.000,190000,0,0,1,0,1,
1.832325,38353074,1,2,0.092042,1,move_second,10,-3991,-3.13452407,6993,-6000.000,-6000.000,190000,0,0,1,0,1,
1.862852,38378001,1,2,0.122568,1,move_second,22,-3979,-3.12509929,6843,-6000.000,-6000.000,190000,0,0,1,0,1,
1.894508,38414080,1,2,0.154225,1,move_second,39,-3962,-3.11174752,6627,-6000.000,-6000.000,190000,0,0,1,0,1,
1.926272,38444001,1,2,0.185988,1,move_second,50,-3951,-3.10310814,6447,-6000.000,-6000.000,190000,0,0,1,0,1,
1.957051,38478080,1,2,0.216768,1,move_second,63,-3938,-3.09289797,6243,-6000.000,-6000.000,190000,0,0,1,0,1,
1.987782,38502998,1,2,0.247499,1,move_second,70,-3931,-3.08740018,6093,-6000.000,-6000.000,190000,0,0,1,0,1,
2.019396,38539074,1,2,0.279112,1,move_second,78,-3923,-3.08111700,5877,-6000.000,-6000.000,190000,0,0,1,0,1,
2.050154,38568998,1,2,0.309870,1,move_second,84,-3917,-3.07640461,5697,-6000.000,-6000.000,190000,0,0,1,0,1,
2.080694,38602080,1,2,0.340411,1,move_second,88,-3913,-3.07326301,5499,-6000.000,-6000.000,190000,0,0,1,0,1,
2.112285,38626998,1,2,0.372001,1,move_second,89,-3912,-3.07247762,5349,-6000.000,-6000.000,190000,0,0,1,0,1,
2.142757,38664080,1,2,0.402473,1,move_second,87,-3914,-3.07404841,5127,-6000.000,-6000.000,190000,0,0,1,0,1,
2.173667,38688998,1,2,0.433384,1,move_second,84,-3917,-3.07640461,4977,-6000.000,-6000.000,190000,0,0,1,0,1,
2.205569,38718998,1,2,0.465285,1,move_second,79,-3922,-3.08033160,4797,-6000.000,-6000.000,190000,0,0,1,0,1,
2.237057,38754998,1,2,0.496773,1,move_second,70,-3931,-3.08740018,4581,-6000.000,-6000.000,190000,0,0,1,0,1,
2.267938,38789074,1,2,0.527655,1,move_second,59,-3942,-3.09603956,4377,-6000.000,-6000.000,190000,0,0,1,0,1,
2.298510,38814001,1,2,0.558226,1,move_second,51,-3950,-3.10232275,4227,-6000.000,-6000.000,190000,0,0,1,0,1,
2.328961,38844001,1,2,0.588677,1,move_second,38,-3963,-3.11253292,4048,-6000.000,-6000.000,190000,0,0,1,0,1,
2.359799,38874998,1,2,0.619515,1,move_second,25,-3976,-3.12274310,3862,-6000.000,-6000.000,190000,0,0,1,0,1,
2.390387,38911076,1,2,0.650104,1,move_second,8,-3993,-3.13609487,3645,-6000.000,-6000.000,190000,0,0,1,0,1,
2.421261,38936001,1,2,0.680977,1,move_second,-3,3996,3.13845106,3496,-6000.000,-6000.000,190000,0,0,1,0,1,
2.451996,38973074,1,2,0.711713,1,move_second,-19,3980,3.12588469,3273,-6000.000,-6000.000,190000,0,0,1,0,1,
2.482422,38998001,1,2,0.742138,1,move_second,-30,3969,3.11724531,3124,-6000.000,-6000.000,190000,0,0,1,0,1,
2.513044,39028001,1,2,0.772761,1,move_second,-42,3957,3.10782053,2944,-6000.000,-6000.000,190000,0,0,1,0,1,
2.543714,39058998,1,2,0.803431,1,move_second,-54,3945,3.09839575,2758,-6000.000,-6000.000,190000,0,0,1,0,1,
2.574252,39088998,1,2,0.833968,1,move_second,-63,3936,3.09132717,2578,-6000.000,-6000.000,190000,0,0,1,0,1,
2.604897,39120001,1,2,0.864614,1,move_second,-71,3928,3.08504399,2392,-6000.000,-6000.000,190000,0,0,1,0,1,
2.636471,39156080,1,2,0.896187,1,move_second,-79,3920,3.07876080,2175,-6000.000,-6000.000,190000,0,0,1,0,1,
2.666929,39186001,1,2,0.926646,1,move_second,-83,3916,3.07561921,1996,-6000.000,-6000.000,190000,0,0,1,0,1,
2.697680,39219074,1,2,0.957397,1,move_second,-85,3914,3.07404841,1798,-6000.000,-6000.000,190000,0,0,1,0,1,
2.728324,39244001,1,2,0.988040,1,move_second,-85,3914,3.07404841,1648,-6000.000,-6000.000,190000,0,0,1,0,1,
2.758847,39274001,1,2,1.018563,1,move_second,-83,3916,3.07561921,1468,-6000.000,-6000.000,190000,0,0,1,0,1,
2.789417,39304998,1,2,1.049133,1,move_second,-78,3921,3.07954620,1282,-6000.000,-6000.000,190000,0,0,1,0,1,
2.820359,39334998,1,2,1.080075,1,move_second,-72,3927,3.08425859,1102,-6000.000,-6000.000,190000,0,0,1,0,1,
2.851905,39366001,1,2,1.111621,1,move_second,-65,3934,3.08975637,916,-6000.000,-6000.000,190000,0,0,1,0,1,
2.882520,39404080,1,2,1.142237,1,move_second,-52,3947,3.09996655,688,-6000.000,-6000.000,190000,0,0,1,0,1,
2.913213,39428998,1,2,1.172929,1,move_second,-43,3956,3.10703513,538,-6000.000,-6000.000,190000,0,0,1,0,1,
2.943937,39458998,1,3,0.000000,1,stop_second,-31,3968,3.11645991,358,0.000,-6000.000,190000,0,0,1,0,1,
2.974685,39490001,1,3,0.030749,1,stop_second,-18,3981,3.12667009,172,0.000,-6000.000,190000,0,0,1,0,1,
3.005292,39520998,1,3,0.061355,1,stop_second,-7,3992,3.13530947,50,0.000,-1060.000,190000,0,0,1,0,1,
3.035971,39550998,1,3,0.092035,1,stop_second,-8,3991,3.13452407,47,0.000,0.000,190000,0,0,1,0,1,
3.066582,39582001,1,3,0.122645,1,stop_second,-11,3988,3.13216788,47,0.000,0.000,190000,0,0,1,0,1,
3.098508,39612001,1,3,0.154571,1,stop_second,-13,3986,3.13059708,47,0.000,0.000,190000,0,0,1,0,1,
3.129394,39648001,1,3,0.185457,1,stop_second,-15,3984,3.12902628,47,0.000,0.000,190000,0,0,1,0,1,
3.159978,39681074,1,3,0.216041,1,stop_second,-17,3982,3.12745549,47,0.000,0.000,190000,0,0,1,0,1,
3.190692,39706001,1,3,0.246755,1,stop_second,-18,3981,3.12667009,47,0.000,0.000,190000,0,0,1,0,1,
3.222495,39742080,1,3,0.278558,1,stop_second,-18,3981,3.12667009,47,0.000,0.000,190000,0,0,1,0,1,
3.253158,39772001,1,3,0.309222,1,stop_second,-18,3981,3.12667009,47,0.000,0.000,190000,0,0,1,0,1,
3.283956,39805074,1,3,0.340019,1,stop_second,-18,3981,3.12667009,47,0.000,0.000,190000,0,0,1,0,1,
3.314622,39830001,1,3,0.370685,1,stop_second,-17,3982,3.12745549,47,0.000,0.000,190000,0,0,1,0,1,
3.344946,39860001,1,3,0.401010,1,stop_second,-16,3983,3.12824088,47,0.000,0.000,190000,0,0,1,0,1,
3.375558,39890998,1,3,0.431621,1,stop_second,-14,3985,3.12981168,47,0.000,0.000,190000,0,0,1,0,1,
3.407372,39920998,1,3,0.463435,1,stop_second,-12,3987,3.13138248,47,0.000,0.000,190000,0,0,1,0,1,
3.437866,39956998,1,3,0.493930,1,stop_second,-9,3990,3.13373867,47,0.000,0.000,190000,0,0,1,0,1,
3.468482,39989074,1,4,0.000000,2,move_first,-7,3992,3.13530947,47,6000.000,0.000,190000,0,0,1,0,1,
3.499156,40014001,1,4,0.030674,2,move_first,-5,3994,3.13688026,47,6000.000,0.000,190000,0,0,1,0,1,
3.531939,40044998,1,4,0.063457,2,move_first,-5,3994,3.13688026,111,6000.000,4940.000,190000,0,0,1,0,1,
3.563553,40084080,1,4,0.095071,2,move_first,-20,3979,3.12509929,343,6000.000,6000.000,190000,0,0,1,0,1,
3.596493,40114001,1,4,0.128011,2,move_first,-33,3966,3.11488912,522,6000.000,6000.000,190000,0,0,1,0,1,
3.627095,40148080,1,4,0.158613,2,move_first,-46,3953,3.10467894,727,6000.000,6000.000,190000,0,0,1,0,1,
3.658824,40172998,1,4,0.190342,2,move_first,-55,3944,3.09761036,876,6000.000,6000.000,190000,0,0,1,0,1,
3.691773,40210080,1,4,0.223291,2,move_first,-66,3933,3.08897098,1099,6000.000,6000.000,190000,0,0,1,0,1,
3.723355,40240001,1,4,0.254874,2,move_first,-73,3926,3.08347319,1278,6000.000,6000.000,190000,0,0,1,0,1,
3.756201,40270001,1,4,0.287719,2,move_first,-78,3921,3.07954620,1458,6000.000,6000.000,190000,0,0,1,0,1,
3.789156,40304998,1,4,0.320674,2,move_first,-82,3917,3.07640461,1668,6000.000,6000.000,190000,0,0,1,0,1,
3.819927,40334998,1,4,0.351445,2,move_first,-84,3915,3.07483381,1848,6000.000,6000.000,190000,0,0,1,0,1,
3.852529,40366001,1,4,0.384047,2,move_first,-82,3917,3.07640461,2034,6000.000,6000.000,190000,0,0,1,0,1,
3.884176,40404080,1,4,0.415694,2,move_first,-78,3921,3.07954620,2262,6000.000,6000.000,190000,0,0,1,0,1,
3.915841,40434001,1,4,0.447359,2,move_first,-72,3927,3.08425859,2442,6000.000,6000.000,190000,0,0,1,0,1,
3.947968,40467074,1,4,0.479486,2,move_first,-65,3934,3.08975637,2640,6000.000,6000.000,190000,0,0,1,0,1,
3.980915,40496998,1,4,0.512434,2,move_first,-55,3944,3.09761036,2820,6000.000,6000.000,190000,0,0,1,0,1,
4.013504,40526998,1,4,0.545022,2,move_first,-45,3954,3.10546434,3000,6000.000,6000.000,190000,0,0,1,0,1,
4.046353,40562001,1,4,0.577871,2,move_first,-32,3967,3.11567451,3210,6000.000,6000.000,190000,0,0,1,0,1,
4.079091,40592001,1,4,0.610609,2,move_first,-20,3979,3.12509929,3390,6000.000,6000.000,190000,0,0,1,0,1,
4.111370,40628001,1,4,0.642888,2,move_first,-5,3994,3.13688026,3606,6000.000,6000.000,190000,0,0,1,0,1,
4.144152,40658001,1,4,0.675671,2,move_first,8,-3993,-3.13609487,3786,6000.000,6000.000,190000,0,0,1,0,1,
4.176722,40692998,1,4,0.708240,2,move_first,23,-3978,-3.12431389,3996,6000.000,6000.000,190000,0,0,1,0,1,
4.207509,40722998,1,4,0.739027,2,move_first,35,-3966,-3.11488912,4176,6000.000,6000.000,190000,0,0,1,0,1,
4.239329,40752998,1,4,0.770847,2,move_first,46,-3955,-3.10624974,4355,6000.000,6000.000,190000,0,0,1,0,1,
4.272431,40791080,1,4,0.803949,2,move_first,58,-3943,-3.09682496,4584,6000.000,6000.000,190000,0,0,1,0,1,
4.304955,40820998,1,4,0.836473,2,move_first,65,-3936,-3.09132717,4763,6000.000,6000.000,190000,0,0,1,0,1,
4.337702,40850998,1,4,0.869220,2,move_first,72,-3929,-3.08582938,4943,6000.000,6000.000,190000,0,0,1,0,1,
4.369604,40886998,1,4,0.901122,2,move_first,77,-3924,-3.08190239,5159,6000.000,6000.000,190000,0,0,1,0,1,
4.400014,40921074,1,4,0.931533,2,move_first,79,-3922,-3.08033160,5364,6000.000,6000.000,190000,0,0,1,0,1,
4.430713,40946001,1,4,0.962231,2,move_first,79,-3922,-3.08033160,5513,6000.000,6000.000,190000,0,0,1,0,1,
4.461265,40982080,1,4,0.992784,2,move_first,77,-3924,-3.08190239,5730,6000.000,6000.000,190000,0,0,1,0,1,
4.492065,41006998,1,4,1.023583,2,move_first,74,-3927,-3.08425859,5879,6000.000,6000.000,190000,0,0,1,0,1,
4.522976,41044080,1,4,1.054495,2,move_first,66,-3935,-3.09054177,6102,6000.000,6000.000,190000,0,0,1,0,1,
4.553428,41068998,1,4,1.084946,2,move_first,60,-3941,-3.09525416,6251,6000.000,6000.000,190000,0,0,1,0,1,
4.584326,41098998,1,4,1.115844,2,move_first,52,-3949,-3.10153735,6431,6000.000,6000.000,190000,0,0,1,0,1,
4.614968,41130006,1,4,1.146486,2,move_first,41,-3960,-3.11017673,6617,6000.000,6000.000,190000,0,0,1,0,1,
4.647546,41167074,1,4,1.179064,2,move_first,28,-3973,-3.12038690,6839,6000.000,6000.000,190000,0,0,1,0,1,
4.678281,41196998,1,5,0.000000,2,stop_first,16,-3985,-3.12981168,7019,0.000,6000.000,190000,0,0,1,0,1,
4.708742,41230161,1,5,0.030461,2,stop_first,2,-3999,-3.14080726,7218,0.000,6000.000,190000,0,0,1,0,1,
4.739500,41254998,1,5,0.061220,2,stop_first,-5,3994,3.13688026,7312,0.000,1440.760,190000,0,0,1,0,1,
4.770250,41284998,1,5,0.091969,2,stop_first,-4,3995,3.13766566,7318,0.000,0.000,190000,0,0,1,0,1,
4.802039,41316001,1,5,0.123758,2,stop_first,0,3999,3.14080726,7318,0.000,0.000,190000,0,0,1,0,1,
4.832659,41354080,1,5,0.154378,2,stop_first,5,-3996,-3.13845106,7318,0.000,0.000,190000,0,0,1,0,1,
4.863417,41378998,1,5,0.185136,2,stop_first,8,-3993,-3.13609487,7318,0.000,0.000,190000,0,0,1,0,1,
4.894261,41408998,1,5,0.215981,2,stop_first,11,-3990,-3.13373867,7318,0.000,0.000,190000,0,0,1,0,1,
4.924845,41440001,1,5,0.246565,2,stop_first,15,-3986,-3.13059708,7318,0.000,0.000,190000,0,0,1,0,1,
4.955457,41476080,1,5,0.277176,2,stop_first,18,-3983,-3.12824088,7318,0.000,0.000,190000,0,0,1,0,1,
4.988450,41500998,1,5,0.310169,2,stop_first,20,-3981,-3.12667009,7318,0.000,0.000,190000,0,0,1,0,1,
5.019011,41540080,1,5,0.340731,2,stop_first,22,-3979,-3.12509929,7318,0.000,0.000,190000,0,0,1,0,1,
5.049557,41564998,1,5,0.371277,2,stop_first,22,-3979,-3.12509929,7318,0.000,0.000,190000,0,0,1,0,1,
5.080123,41601074,1,5,0.401842,2,stop_first,23,-3978,-3.12431389,7318,0.000,0.000,190000,0,0,1,0,1,
5.111047,41626001,1,5,0.432767,2,stop_first,23,-3978,-3.12431389,7318,0.000,0.000,190000,0,0,1,0,1,
5.141517,41663074,1,5,0.463236,2,stop_first,21,-3980,-3.12588469,7318,0.000,0.000,190000,0,0,1,0,1,
5.172213,41688001,1,5,0.493933,2,stop_first,20,-3981,-3.12667009,7318,0.000,0.000,190000,0,0,1,0,1,
5.202900,41718001,1,6,0.000000,2,move_second,18,-3983,-3.12824088,7318,-6000.000,0.000,190000,0,0,1,0,1,
5.233559,41748998,1,6,0.030659,2,move_second,16,-3985,-3.12981168,7318,-6000.000,0.000,190000,0,0,1,0,1,
5.264303,41780001,1,6,0.061403,2,move_second,16,-3985,-3.12981168,7259,-6000.000,-4560.000,190000,0,0,1,0,1,
5.295468,41810001,1,6,0.092568,2,move_second,26,-3975,-3.12195770,7083,-6000.000,-6000.000,190000,0,0,1,0,1,
5.326718,41840998,1,6,0.123818,2,move_second,39,-3962,-3.11174752,6897,-6000.000,-6000.000,190000,0,0,1,0,1,
5.357395,41878080,1,6,0.154495,2,move_second,52,-3949,-3.10153735,6675,-6000.000,-6000.000,190000,0,0,1,0,1,
5.388016,41902998,1,6,0.185116,2,move_second,60,-3941,-3.09525416,6525,-6000.000,-6000.000,190000,0,0,1,0,1,
5.418501,41940080,1,6,0.215601,2,move_second,70,-3931,-3.08740018,6303,-6000.000,-6000.000,190000,0,0,1,0,1,
5.449042,41964998,1,6,0.246142,2,move_second,75,-3926,-3.08347319,6153,-6000.000,-6000.000,190000,0,0,1,0,1,
5.479829,41994998,1,6,0.276929,2,move_second,79,-3922,-3.08033160,5973,-6000.000,-6000.000,190000,0,0,1,0,1,
5.510558,42026001,1,6,0.307658,2,move_second,81,-3920,-3.07876080,5787,-6000.000,-6000.000,190000,0,0,1,0,1,
5.541092,42056001,1,6,0.338192,2,move_second,82,-3919,-3.07797540,5607,-6000.000,-6000.000,190000,0,0,1,0,1,
5.571696,42086998,1,6,0.368796,2,move_second,81,-3920,-3.07876080,5421,-6000.000,-6000.000,190000,0,0,1,0,1,
5.602398,42123074,1,6,0.399498,2,move_second,76,-3925,-3.08268779,5205,-6000.000,-6000.000,190000,0,0,1,0,1,
5.632938,42148001,1,6,0.430038,2,move_second,71,-3930,-3.08661478,5055,-6000.000,-6000.000,190000,0,0,1,0,1,
5.663449,42185074,1,6,0.460549,2,move_second,60,-3941,-3.09525416,4833,-6000.000,-6000.000,190000,0,0,1,0,1,
5.694267,42210001,1,6,0.491367,2,move_second,53,-3948,-3.10075195,4683,-6000.000,-6000.000,190000,0,0,1,0,1,
5.724729,42240001,1,6,0.521829,2,move_second,43,-3958,-3.10860593,4503,-6000.000,-6000.000,190000,0,0,1,0,1,
5.755235,42270998,1,6,0.552335,2,move_second,32,-3969,-3.11724531,4317,-6000.000,-6000.000,190000,0,0,1,0,1,
5.786027,42300998,1,6,0.583127,2,move_second,20,-3981,-3.12667009,4137,-6000.000,-6000.000,190000,0,0,1,0,1,
5.816669,42332012,1,6,0.613769,2,move_second,6,-3995,-3.13766566,3951,-6000.000,-6000.000,190000,0,0,1,0,1,
5.847202,42368080,1,6,0.644302,2,move_second,-8,3991,3.13452407,3735,-6000.000,-6000.000,190000,0,0,1,0,1,
5.877915,42392998,1,6,0.675015,2,move_second,-18,3981,3.12667009,3586,-6000.000,-6000.000,190000,0,0,1,0,1,
5.908572,42430080,1,6,0.705671,2,move_second,-33,3966,3.11488912,3363,-6000.000,-6000.000,190000,0,0,1,0,1,
5.939299,42454998,1,6,0.736399,2,move_second,-42,3957,3.10782053,3214,-6000.000,-6000.000,190000,0,0,1,0,1,
5.969748,42484998,1,6,0.766848,2,move_second,-52,3947,3.09996655,3034,-6000.000,-6000.000,190000,0,0,1,0,1,
5.999966,42516001,1,6,0.797066,2,move_second,-61,3938,3.09289797,2848,-6000.000,-6000.000,190000,0,0,1,0,1,
6.030422,42546001,1,6,0.827522,2,move_second,-69,3930,3.08661478,2668,-6000.000,-6000.000,190000,0,0,1,0,1,
6.060874,42576998,1,6,0.857974,2,move_second,-74,3925,3.08268779,2482,-6000.000,-6000.000,190000,0,0,1,0,1,
6.091305,42606998,1,6,0.888405,2,move_second,-77,3922,3.08033160,2302,-6000.000,-6000.000,190000,0,0,1,0,1,
6.122879,42636998,1,6,0.919979,2,move_second,-80,3919,3.07797540,2122,-6000.000,-6000.000,190000,0,0,1,0,1,
6.153376,42674080,1,6,0.950476,2,move_second,-78,3921,3.07954620,1899,-6000.000,-6000.000,190000,0,0,1,0,1,
6.184210,42698998,1,6,0.981310,2,move_second,-76,3923,3.08111700,1750,-6000.000,-6000.000,190000,0,0,1,0,1,
6.214516,42736080,1,6,1.011615,2,move_second,-70,3929,3.08582938,1528,-6000.000,-6000.000,190000,0,0,1,0,1,
6.245117,42760998,1,6,1.042217,2,move_second,-65,3934,3.08975637,1378,-6000.000,-6000.000,190000,0,0,1,0,1,
6.275482,42790998,1,6,1.072582,2,move_second,-57,3942,3.09603956,1198,-6000.000,-6000.000,190000,0,0,1,0,1,
6.305921,42822001,1,6,1.103021,2,move_second,-48,3951,3.10310814,1012,-6000.000,-6000.000,190000,0,0,1,0,1,
6.336522,42852001,1,6,1.133622,2,move_second,-38,3961,3.11096213,832,-6000.000,-6000.000,190000,0,0,1,0,1,
6.366743,42882998,1,6,1.163843,2,move_second,-26,3973,3.12038690,646,-6000.000,-6000.000,190000,0,0,1,0,1,
6.397334,42912998,1,6,1.194434,2,move_second,-15,3984,3.12902628,466,-6000.000,-6000.000,190000,0,0,1,0,1,
6.428949,42942998,1,7,0.000000,2,stop_second,-2,3997,3.13923646,286,0.000,-6000.000,190000,0,0,1,0,1,
6.459459,42981155,1,7,0.030510,2,stop_second,13,-3988,-3.13216788,57,0.000,-6000.000,190000,0,0,1,0,1,
6.489989,43006001,1,7,0.061040,2,stop_second,20,-3981,-3.12667009,-33,0.000,-1440.000,190000,0,0,1,0,1,
6.520588,43036001,1,7,0.091639,2,stop_second,17,-3984,-3.12902628,-37,0.000,0.000,190000,0,0,1,0,1,
6.551234,43066998,1,7,0.122285,2,stop_second,12,-3989,-3.13295327,-37,0.000,0.000,190000,0,0,1,0,1,
6.581886,43096998,1,7,0.152938,2,stop_second,6,-3995,-3.13766566,-37,0.000,0.000,190000,0,0,1,0,1,
6.612401,43128001,1,7,0.183452,2,stop_second,1,-4000,-3.14159265,-37,0.000,0.000,190000,0,0,1,0,1,
6.643159,43158001,1,7,0.214210,2,stop_second,-5,3994,3.13688026,-37,0.000,0.000,190000,0,0,1,0,1,
6.673593,43188998,1,7,0.244644,2,stop_second,-10,3989,3.13295327,-37,0.000,0.000,190000,0,0,1,0,1,
6.704136,43225074,1,7,0.275187,2,stop_second,-16,3983,3.12824088,-37,0.000,0.000,190000,0,0,1,0,1,
6.734668,43250001,1,7,0.305720,2,stop_second,-20,3979,3.12509929,-37,0.000,0.000,190000,0,0,1,0,1,
6.765363,43286080,1,7,0.336415,2,stop_second,-25,3974,3.12117230,-37,0.000,0.000,190000,0,0,1,0,1,
6.796073,43310998,1,7,0.367125,2,stop_second,-28,3971,3.11881611,-37,0.000,0.000,190000,0,0,1,0,1,
6.826668,43348080,1,7,0.397719,2,stop_second,-31,3968,3.11645991,-37,0.000,0.000,190000,0,0,1,0,1,
6.857267,43372998,1,7,0.428318,2,stop_second,-32,3967,3.11567451,-37,0.000,0.000,190000,0,0,1,0,1,
6.887848,43402998,1,7,0.458899,2,stop_second,-33,3966,3.11488912,-37,0.000,0.000,190000,0,0,1,0,1,
6.918550,43434001,1,7,0.489601,2,stop_second,-34,3965,3.11410372,-37,0.000,0.000,190000,0,0,1,0,1,
6.949109,43464001,1,8,0.000000,3,move_first,-33,3966,3.11488912,-37,6000.000,0.000,190000,0,0,1,0,1,
6.979741,43494998,1,8,0.030632,3,move_first,-32,3967,3.11567451,-37,6000.000,0.000,190000,0,0,1,0,1,
7.010255,43526001,1,8,0.061146,3,move_first,-32,3967,3.11567451,22,6000.000,4560.000,190000,0,0,1,0,1,
7.040801,43556001,1,8,0.091692,3,move_first,-43,3956,3.10703513,198,6000.000,6000.000,190000,0,0,1,0,1,
7.071489,43586998,1,8,0.122380,3,move_first,-55,3944,3.09761036,384,6000.000,6000.000,190000,0,0,1,0,1,
7.102078,43616998,1,8,0.152969,3,move_first,-65,3934,3.08975637,564,6000.000,6000.000,190000,0,0,1,0,1,
7.132597,43648001,1,8,0.183488,3,move_first,-74,3925,3.08268779,750,6000.000,6000.000,190000,0,0,1,0,1,
7.163130,43684080,1,8,0.214021,3,move_first,-82,3917,3.07640461,966,6000.000,6000.000,190000,0,0,1,0,1,
7.193625,43708998,1,8,0.244516,3,move_first,-86,3913,3.07326301,1116,6000.000,6000.000,190000,0,0,1,0,1,
7.224024,43738998,1,8,0.274916,3,move_first,-88,3911,3.07169222,1296,6000.000,6000.000,190000,0,0,1,0,1,
7.254597,43770001,1,8,0.305488,3,move_first,-88,3911,3.07169222,1482,6000.000,6000.000,190000,0,0,1,0,1,
7.285283,43806080,1,8,0.336174,3,move_first,-86,3913,3.07326301,1698,6000.000,6000.000,190000,0,0,1,0,1,
7.316145,43830998,1,8,0.367036,3,move_first,-82,3917,3.07640461,1848,6000.000,6000.000,190000,0,0,1,0,1,
7.346464,43868080,1,8,0.397355,3,move_first,-75,3924,3.08190239,2070,6000.000,6000.000,190000,0,0,1,0,1,
7.377098,43892998,1,8,0.427989,3,move_first,-68,3931,3.08740018,2220,6000.000,6000.000,190000,0,0,1,0,1,
7.407711,43922998,1,8,0.458603,3,move_first,-58,3941,3.09525416,2400,6000.000,6000.000,190000,0,0,1,0,1,
7.438102,43954008,1,8,0.488993,3,move_first,-46,3953,3.10467894,2586,6000.000,6000.000,190000,0,0,1,0,1,
7.468570,43984001,1,8,0.519461,3,move_first,-34,3965,3.11410372,2766,6000.000,6000.000,190000,0,0,1,0,1,
7.499258,44014998,1,8,0.550149,3,move_first,-21,3978,3.12431389,2952,6000.000,6000.000,190000,0,0,1,0,1,
7.529577,44044998,1,8,0.580468,3,move_first,-7,3992,3.13530947,3131,6000.000,6000.000,190000,0,0,1,0,1,
7.560249,44076001,1,8,0.611140,3,move_first,7,-3994,-3.13688026,3317,6000.000,6000.000,190000,0,0,1,0,1,
7.591026,44106001,1,8,0.641917,3,move_first,20,-3981,-3.12667009,3497,6000.000,6000.000,190000,0,0,1,0,1,
7.621506,44136998,1,8,0.672397,3,move_first,33,-3968,-3.11645991,3683,6000.000,6000.000,190000,0,0,1,0,1,
7.652015,44166998,1,8,0.702906,3,move_first,45,-3956,-3.10703513,3863,6000.000,6000.000,190000,0,0,1,0,1,
7.682569,44198013,1,8,0.733460,3,move_first,57,-3944,-3.09761036,4049,6000.000,6000.000,190000,0,0,1,0,1,
7.713171,44234080,1,8,0.764062,3,move_first,67,-3934,-3.08975637,4266,6000.000,6000.000,190000,0,0,1,0,1,
7.743736,44258998,1,8,0.794627,3,move_first,73,-3928,-3.08504399,4415,6000.000,6000.000,190000,0,0,1,0,1,
7.774160,44295076,1,8,0.825051,3,move_first,80,-3921,-3.07954620,4632,6000.000,6000.000,190000,0,0,1,0,1,
7.804817,44320001,1,8,0.855708,3,move_first,83,-3918,-3.07719000,4781,6000.000,6000.000,190000,0,0,1,0,1,
7.835249,44356080,1,8,0.886140,3,move_first,84,-3917,-3.07640461,4998,6000.000,6000.000,190000,0,0,1,0,1,
7.865715,44380998,1,8,0.916606,3,move_first,84,-3917,-3.07640461,5147,6000.000,6000.000,190000,0,0,1,0,1,
7.896290,44417074,1,8,0.947181,3,move_first,80,-3921,-3.07954620,5364,6000.000,6000.000,190000,0,0,1,0,1,
7.926967,44442001,1,8,0.977858,3,move_first,76,-3925,-3.08268779,5513,6000.000,6000.000,190000,0,0,1,0,1,
7.957727,44479074,1,8,1.008618,3,move_first,68,-3933,-3.08897098,5735,6000.000,6000.000,190000,0,0,1,0,1,
7.988566,44504001,1,8,1.039457,3,move_first,61,-3940,-3.09446876,5885,6000.000,6000.000,190000,0,0,1,0,1,
8.018862,44534001,1,8,1.069753,3,move_first,51,-3950,-3.10232275,6065,6000.000,6000.000,190000,0,0,1,0,1,
8.049611,44564998,1,8,1.100502,3,move_first,39,-3962,-3.11174752,6251,6000.000,6000.000,190000,0,0,1,0,1,
8.080051,44594998,1,8,1.130942,3,move_first,27,-3974,-3.12117230,6431,6000.000,6000.000,190000,0,0,1,0,1,
8.110842,44626001,1,8,1.161733,3,move_first,14,-3987,-3.13138248,6617,6000.000,6000.000,190000,0,0,1,0,1,
8.141375,44662080,1,8,1.192266,3,move_first,-1,3998,3.14002186,6833,6000.000,6000.000,190000,0,0,1,0,1,
8.172182,44686998,1,9,0.000000,3,stop_first,-12,3987,3.13138248,6983,0.000,6000.000,190000,0,0,1,0,1,
8.202677,44724160,1,9,0.030495,3,stop_first,-28,3971,3.11881611,7206,0.000,6000.000,190000,0,0,1,0,1,
8.233322,44748998,1,9,0.061140,3,stop_first,-35,3964,3.11331832,7300,0.000,1440.760,190000,0,0,1,0,1,
8.263910,44778998,1,9,0.091728,3,stop_first,-33,3966,3.11488912,7306,0.000,0.000,190000,0,0,1,0,1,
8.294152,44810001,1,9,0.121970,3,stop_first,-27,3972,3.11960151,7306,0.000,0.000,190000,0,0,1,0,1,
8.324789,44840001,1,9,0.152607,3,stop_first,-21,3978,3.12431389,7306,0.000,0.000,190000,0,0,1,0,1,
8.355180,44870998,1,9,0.182998,3,stop_first,-14,3985,3.12981168,7306,0.000,0.000,190000,0,0,1,0,1,
8.385791,44900998,1,9,0.213609,3,stop_first,-7,3992,3.13530947,7306,0.000,0.000,190000,0,0,1,0,1,
8.416251,44932001,1,9,0.244069,3,stop_first,1,-4000,-3.14159265,7306,0.000,0.000,190000,0,0,1,0,1,
8.446895,44962001,1,9,0.274713,3,stop_first,8,-3993,-3.13609487,7306,0.000,0.000,190000,0,0,1,0,1,
8.477335,44992998,1,9,0.305152,3,stop_first,15,-3986,-3.13059708,7306,0.000,0.000,190000,0,0,1,0,1,
8.507736,45022998,1,9,0.335554,3,stop_first,21,-3980,-3.12588469,7306,0.000,0.000,190000,0,0,1,0,1,
8.538374,45054001,1,9,0.366192,3,stop_first,27,-3974,-3.12117230,7306,0.000,0.000,190000,0,0,1,0,1,
8.568778,45084001,1,9,0.396596,3,stop_first,32,-3969,-3.11724531,7306,0.000,0.000,190000,0,0,1,0,1,
8.599133,45114998,1,9,0.426951,3,stop_first,37,-3964,-3.11331832,7306,0.000,0.000,190000,0,0,1,0,1,
8.629797,45144998,1,9,0.457615,3,stop_first,40,-3961,-3.11096213,7306,0.000,0.000,190000,0,0,1,0,1,
8.660402,45176001,1,9,0.488220,3,stop_first,42,-3959,-3.10939133,7306,0.000,0.000,190000,0,0,1,0,1,
8.691019,45206001,1,10,0.000000,3,move_second,43,-3958,-3.10860593,7306,-6000.000,0.000,190000,0,0,1,0,1,
8.721456,45236998,1,10,0.030437,3,move_second,43,-3958,-3.10860593,7306,-6000.000,0.000,190000,0,0,1,0,1,
8.751942,45268001,1,10,0.060924,3,move_second,45,-3956,-3.10703513,7247,-6000.000,-4560.000,190000,0,0,1,0,1,
8.782379,45298001,1,10,0.091360,3,move_second,56,-3945,-3.09839575,7071,-6000.000,-6000.000,190000,0,0,1,0,1,
8.812953,45328998,1,10,0.121935,3,move_second,69,-3932,-3.08818558,6885,-6000.000,-6000.000,190000,0,0,1,0,1,
8.843425,45358998,1,10,0.152406,3,move_second,80,-3921,-3.07954620,6705,-6000.000,-6000.000,190000,0,0,1,0,1,
8.873845,45390001,1,10,0.182826,3,move_second,88,-3913,-3.07326301,6519,-6000.000,-6000.000,190000,0,0,1,0,1,
8.905630,45420001,1,10,0.214612,3,move_second,94,-3907,-3.06855062,6339,-6000.000,-6000.000,190000,0,0,1,0,1,
8.936240,45454998,1,10,0.245221,3,move_second,98,-3903,-3.06540903,6129,-6000.000,-6000.000,190000,0,0,1,0,1,
8.966638,45488080,1,10,0.275619,3,move_second,99,-3902,-3.06462363,5931,-6000.000,-6000.000,190000,0,0,1,0,1,
8.997267,45512998,1,10,0.306248,3,move_second,97,-3904,-3.06619443,5781,-6000.000,-6000.000,190000,0,0,1,0,1,
9.027677,45542998,1,10,0.336659,3,move_second,94,-3907,-3.06855062,5601,-6000.000,-6000.000,190000,0,0,1,0,1,
9.057850,45574001,1,10,0.366832,3,move_second,88,-3913,-3.07326301,5415,-6000.000,-6000.000,190000,0,0,1,0,1,
9.088459,45604001,1,10,0.397440,3,move_second,79,-3922,-3.08033160,5235,-6000.000,-6000.000,190000,0,0,1,0,1,
9.118733,45634001,1,10,0.427714,3,move_second,69,-3932,-3.08818558,5055,-6000.000,-6000.000,190000,0,0,1,0,1,
9.149281,45670080,1,10,0.458262,3,move_second,54,-3947,-3.09996655,4839,-6000.000,-6000.000,190000,0,0,1,0,1,
9.180663,45694998,1,10,0.489644,3,move_second,43,-3958,-3.10860593,4690,-6000.000,-6000.000,190000,0,0,1,0,1,
9.211242,45732080,1,10,0.520223,3,move_second,26,-3975,-3.12195770,4467,-6000.000,-6000.000,190000,0,0,1,0,1,
9.241795,45756998,1,10,0.550776,3,move_second,14,-3987,-3.13138248,4318,-6000.000,-6000.000,190000,0,0,1,0,1,
9.272143,45793074,1,10,0.581125,3,move_second,-5,3994,3.13688026,4101,-6000.000,-6000.000,190000,0,0,1,0,1,
9.302499,45818001,1,10,0.611481,3,move_second,-18,3981,3.12667009,3952,-6000.000,-6000.000,190000,0,0,1,0,1,
9.332858,45848001,1,10,0.641840,3,move_second,-32,3967,3.11567451,3772,-6000.000,-6000.000,190000,0,0,1,0,1,
9.363345,45878998,1,10,0.672327,3,move_second,-46,3953,3.10467894,3586,-6000.000,-6000.000,190000,0,0,1,0,1,
9.393822,45908998,1,10,0.702803,3,move_second,-60,3939,3.09368337,3406,-6000.000,-6000.000,190000,0,0,1,0,1,
9.424256,45940001,1,10,0.733237,3,move_second,-71,3928,3.08504399,3220,-6000.000,-6000.000,190000,0,0,1,0,1,
9.454885,45970001,1,10,0.763866,3,move_second,-80,3919,3.07797540,3040,-6000.000,-6000.000,190000,0,0,1,0,1,
9.485127,46000998,1,10,0.794108,3,move_second,-87,3912,3.07247762,2854,-6000.000,-6000.000,190000,0,0,1,0,1,
9.515614,46030998,1,10,0.824595,3,move_second,-93,3906,3.06776523,2674,-6000.000,-6000.000,190000,0,0,1,0,1,
9.546032,46062001,1,10,0.855013,3,move_second,-95,3904,3.06619443,2488,-6000.000,-6000.000,190000,0,0,1,0,1,
9.576665,46092001,1,10,0.885646,3,move_second,-95,3904,3.06619443,2308,-6000.000,-6000.000,190000,0,0,1,0,1,
9.607127,46122998,1,10,0.916109,3,move_second,-94,3905,3.06697983,2122,-6000.000,-6000.000,190000,0,0,1,0,1,
9.637708,46152998,1,10,0.946690,3,move_second,-89,3910,3.07090682,1942,-6000.000,-6000.000,190000,0,0,1,0,1,
9.668353,46184001,1,10,0.977335,3,move_second,-82,3917,3.07640461,1756,-6000.000,-6000.000,190000,0,0,1,0,1,
9.698860,46214001,1,10,1.007842,3,move_second,-73,3926,3.08347319,1576,-6000.000,-6000.000,190000,0,0,1,0,1,
9.729692,46244998,1,10,1.038673,3,move_second,-63,3936,3.09132717,1390,-6000.000,-6000.000,190000,0,0,1,0,1,
9.760047,46281074,1,10,1.069028,3,move_second,-48,3951,3.10310814,1174,-6000.000,-6000.000,190000,0,0,1,0,1,
9.790824,46306001,1,10,1.099805,3,move_second,-37,3962,3.11174752,1024,-6000.000,-6000.000,190000,0,0,1,0,1,
9.821386,46342080,1,10,1.130367,3,move_second,-20,3979,3.12509929,808,-6000.000,-6000.000,190000,0,0,1,0,1,
9.853167,46366998,1,10,1.162148,3,move_second,-8,3991,3.13452407,658,-6000.000,-6000.000,190000,0,0,1,0,1,
9.883873,46405074,1,10,1.192854,3,move_second,11,-3990,-3.13373867,430,-6000.000,-6000.000,190000,0,0,1,0,1,
9.914303,46430001,1,11,0.000000,3,stop_second,23,-3978,-3.12431389,280,0.000,-6000.000,190000,0,0,1,0,1,
9.944960,46460001,1,11,0.030658,3,stop_second,37,-3964,-3.11331832,100,0.000,-6000.000,190000,0,0,1,0,1,
9.975482,46490998,1,11,0.061179,3,stop_second,47,-3954,-3.10546434,-31,0.000,-1440.760,190000,0,0,1,0,1,
10.006070,46520998,1,11,0.091768,3,stop_second,46,-3955,-3.10624974,-37,0.000,0.000,190000,0,0,1,0,1,
10.036724,46552001,1,11,0.122421,3,stop_second,40,-3961,-3.11096213,-37,0.000,0.000,190000,0,0,1,0,1,
10.067213,46588080,1,11,0.152911,3,stop_second,32,-3969,-3.11724531,-37,0.000,0.000,190000,0,0,1,0,1,
10.097847,46612998,1,11,0.183545,3,stop_second,26,-3975,-3.12195770,-37,0.000,0.000,190000,0,0,1,0,1,
10.128214,46650080,1,11,0.213911,3,stop_second,16,-3985,-3.12981168,-37,0.000,0.000,190000,0,0,1,0,1,
10.158675,46674998,1,11,0.244372,3,stop_second,10,-3991,-3.13452407,-37,0.000,0.000,190000,0,0,1,0,1,
10.189202,46704998,1,11,0.274900,3,stop_second,1,-4000,-3.14159265,-37,0.000,0.000,190000,0,0,1,0,1,
10.219809,46734998,1,11,0.305506,3,stop_second,-7,3992,3.13530947,-37,0.000,0.000,190000,0,0,1,0,1,
10.250206,46771074,1,11,0.335903,3,stop_second,-17,3982,3.12745549,-37,0.000,0.000,190000,0,0,1,0,1,
10.281952,46796001,1,11,0.367649,3,stop_second,-24,3975,3.12195770,-37,0.000,0.000,190000,0,0,1,0,1,
10.312515,46834080,1,11,0.398213,3,stop_second,-32,3967,3.11567451,-37,0.000,0.000,190000,0,0,1,0,1,
10.343227,46858998,1,11,0.428924,3,stop_second,-38,3961,3.11096213,-37,0.000,0.000,190000,0,0,1,0,1,
10.373593,46888998,1,11,0.459291,3,stop_second,-43,3956,3.10703513,-37,0.000,0.000,190000,0,0,1,0,1,
10.404195,46920001,1,11,0.489892,3,stop_second,-47,3952,3.10389354,-37,0.000,0.000,190000,0,0,1,0,1,
10.435561,46950001,1,12,0.000000,4,move_first,-50,3949,3.10153735,-37,6000.000,0.000,190000,0,0,1,0,1,
10.465961,46987079,1,12,0.030399,4,move_first,-52,3947,3.09996655,-37,6000.000,0.000,190000,0,0,1,0,1,
10.496615,47012013,1,12,0.061054,4,move_first,-56,3943,3.09682496,22,6000.000,4560.000,190000,0,0,1,0,1,
10.527106,47048080,1,12,0.091544,4,move_first,-71,3928,3.08504399,234,6000.000,6000.000,190000,0,0,1,0,1,
10.557675,47072998,1,12,0.122114,4,move_first,-82,3917,3.07640461,383,6000.000,6000.000,190000,0,0,1,0,1,
10.588016,47109074,1,12,0.152454,4,move_first,-95,3904,3.06619443,600,6000.000,6000.000,190000,0,0,1,0,1,
10.618650,47134001,1,12,0.183089,4,move_first,-102,3897,3.06069664,749,6000.000,6000.000,190000,0,0,1,0,1,
10.648916,47164001,1,12,0.213355,4,move_first,-108,3891,3.05598425,929,6000.000,6000.000,190000,0,0,1,0,1,
10.679438,47194998,1,12,0.243877,4,move_first,-111,3888,3.05362806,1115,6000.000,6000.000,190000,0,0,1,0,1,
10.710027,47224998,1,12,0.274466,4,move_first,-112,3887,3.05284266,1295,6000.000,6000.000,190000,0,0,1,0,1,
10.740824,47256001,1,12,0.305262,4,move_first,-109,3890,3.05519886,1481,6000.000,6000.000,190000,0,0,1,0,1,
10.771162,47292080,1,12,0.335601,4,move_first,-103,3896,3.05991124,1698,6000.000,6000.000,190000,0,0,1,0,1,
10.801920,47316998,1,12,0.366359,4,move_first,-97,3902,3.06462363,1847,6000.000,6000.000,190000,0,0,1,0,1,
10.832275,47354080,1,12,0.396714,4,move_first,-84,3915,3.07483381,2070,6000.000,6000.000,190000,0,0,1,0,1,
10.862585,47378998,1,12,0.427024,4,move_first,-74,3925,3.08268779,2219,6000.000,6000.000,190000,0,0,1,0,1,
10.893066,47408998,1,12,0.457505,4,move_first,-60,3939,3.09368337,2399,6000.000,6000.000,190000,0,0,1,0,1,
10.923788,47438998,1,12,0.488227,4,move_first,-44,3955,3.10624974,2579,6000.000,6000.000,190000,0,0,1,0,1,
10.954610,47475077,1,12,0.519049,4,move_first,-24,3975,3.12195770,2795,6000.000,6000.000,190000,0,0,1,0,1,
10.985186,47504998,1,12,0.549625,4,move_first,-7,3992,3.13530947,2975,6000.000,6000.000,190000,0,0,1,0,1,
11.015807,47537074,1,12,0.580246,4,move_first,11,-3990,-3.13373867,3167,6000.000,6000.000,190000,0,0,1,0,1,
11.047115,47562001,1,12,0.611553,4,move_first,25,-3976,-3.12274310,3317,6000.000,6000.000,190000,0,0,1,0,1,
11.077431,47599074,1,12,0.641870,4,move_first,45,-3956,-3.10703513,3539,6000.000,6000.000,190000,0,0,1,0,1,
11.108189,47624001,1,12,0.672628,4,move_first,57,-3944,-3.09761036,3689,6000.000,6000.000,190000,0,0,1,0,1,
11.138623,47654001,1,12,0.703061,4,move_first,71,-3930,-3.08661478,3869,6000.000,6000.000,190000,0,0,1,0,1,
11.169057,47684998,1,12,0.733496,4,move_first,83,-3918,-3.07719000,4055,6000.000,6000.000,190000,0,0,1,0,1,
11.199739,47714998,1,12,0.764177,4,move_first,93,-3908,-3.06933602,4235,6000.000,6000.000,190000,0,0,1,0,1,
11.230290,47746001,1,12,0.794728,4,move_first,101,-3900,-3.06305284,4421,6000.000,6000.000,190000,0,0,1,0,1,
11.262057,47776001,1,12,0.826496,4,move_first,105,-3896,-3.05991124,4601,6000.000,6000.000,190000,0,0,1,0,1,
11.292561,47812001,1,12,0.857000,4,move_first,107,-3894,-3.05834045,4817,6000.000,6000.000,190000,0,0,1,0,1,
11.322957,47844080,1,12,0.887396,4,move_first,106,-3895,-3.05912585,5009,6000.000,6000.000,190000,0,0,1,0,1,
11.353564,47868998,1,12,0.918003,4,move_first,103,-3898,-3.06148204,5158,6000.000,6000.000,190000,0,0,1,0,1,
11.383944,47905074,1,12,0.948383,4,move_first,96,-3905,-3.06697983,5375,6000.000,6000.000,190000,0,0,1,0,1,
11.414446,47930001,1,12,0.978885,4,move_first,89,-3912,-3.07247762,5524,6000.000,6000.000,190000,0,0,1,0,1,
11.444964,47960001,1,12,1.009403,4,move_first,78,-3923,-3.08111700,5704,6000.000,6000.000,190000,0,0,1,0,1,
11.475570,47990998,1,12,1.040009,4,move_first,65,-3936,-3.09132717,5890,6000.000,6000.000,190000,0,0,1,0,1,
11.506083,48027074,1,12,1.070522,4,move_first,48,-3953,-3.10467894,6107,6000.000,6000.000,190000,0,0,1,0,1,
11.536778,48052001,1,12,1.101217,4,move_first,35,-3966,-3.11488912,6256,6000.000,6000.000,190000,0,0,1,0,1,
11.567492,48088080,1,12,1.131931,4,move_first,16,-3985,-3.12981168,6473,6000.000,6000.000,190000,0,0,1,0,1,
11.597953,48112998,1,12,1.162391,4,move_first,2,-3999,-3.14080726,6622,6000.000,6000.000,190000,0,0,1,0,1,
11.628372,48150080,1,12,1.192811,4,move_first,-18,3981,3.12667009,6845,6000.000,6000.000,190000,0,0,1,0,1,
11.659054,48174998,1,13,0.000000,4,stop_first,-32,3967,3.11567451,6994,0.000,6000.000,190000,0,0,1,0,1,
11.689307,48204998,1,13,0.030253,4,stop_first,-47,3952,3.10389354,7174,0.000,6000.000,190000,0,0,1,0,1,
11.719912,48236001,1,13,0.060858,4,stop_first,-59,3940,3.09446876,7301,0.000,1440.000,190000,0,0,1,0,1,
11.750385,48266001,1,13,0.091332,4,stop_first,-58,3941,3.09525416,7305,0.000,0.000,190000,0,0,1,0,1,
11.781228,48296998,1,13,0.122174,4,stop_first,-53,3946,3.09918115,7305,0.000,0.000,190000,0,0,1,0,1,
11.812257,48326998,1,13,0.153203,4,stop_first,-47,3952,3.10389354,7305,0.000,0.000,190000,0,0,1,0,1,
11.842715,48358001,1,13,0.183662,4,stop_first,-40,3959,3.10939133,7305,0.000,0.000,190000,0,0,1,0,1,
11.873083,48394080,1,13,0.214029,4,stop_first,-30,3969,3.11724531,7305,0.000,0.000,190000,0,0,1,0,1,
11.903577,48418998,1,13,0.244524,4,stop_first,-23,3976,3.12274310,7305,0.000,0.000,190000,0,0,1,0,1,
11.934345,48448998,1,13,0.275291,4,stop_first,-13,3986,3.13059708,7305,0.000,0.000,190000,0,0,1,0,1,
11.964808,48480001,1,13,0.305754,4,stop_first,-4,3995,3.13766566,7305,0.000,0.000,190000,0,0,1,0,1,
11.995786,48516080,1,13,0.336732,4,stop_first,8,-3993,-3.13609487,7305,0.000,0.000,190000,0,0,1,0,1,
12.026200,48546001,1,13,0.367146,4,stop_first,17,-3984,-3.12902628,7305,0.000,0.000,190000,0,0,1,0,1,
12.056754,48578080,1,13,0.397700,4,stop_first,27,-3974,-3.12117230,7305,0.000,0.000,190000,0,0,1,0,1,
12.087473,48602998,1,13,0.428419,4,stop_first,33,-3968,-3.11645991,7305,0.000,0.000,190000,0,0,1,0,1,
12.118079,48632998,1,13,0.459025,4,stop_first,41,-3960,-3.11017673,7305,0.000,0.000,190000,0,0,1,0,1,
12.149628,48664001,1,13,0.490574,4,stop_first,47,-3954,-3.10546434,7305,0.000,0.000,190000,0,0,1,0,1,
12.179937,48701074,1,14,0.000000,4,move_second,53,-3948,-3.10075195,7305,-6000.000,0.000,190000,0,0,1,0,1,
12.210463,48726001,1,14,0.030526,4,move_second,56,-3945,-3.09839575,7305,-6000.000,0.000,190000,0,0,1,0,1,
12.240833,48756998,1,14,0.060897,4,move_second,61,-3940,-3.09446876,7241,-6000.000,-4940.000,190000,0,0,1,0,1,
12.271452,48786998,1,14,0.091515,4,move_second,76,-3925,-3.08268779,7065,-6000.000,-6000.000,190000,0,0,1,0,1,
12.303034,48818001,1,14,0.123097,4,move_second,91,-3910,-3.07090682,6879,-6000.000,-6000.000,190000,0,0,1,0,1,
12.333810,48855074,1,14,0.153873,4,move_second,106,-3895,-3.05912585,6656,-6000.000,-6000.000,190000,0,0,1,0,1,
12.364225,48880001,1,14,0.184289,4,move_second,113,-3888,-3.05362806,6507,-6000.000,-6000.000,190000,0,0,1,0,1,
12.394841,48910001,1,14,0.214904,4,move_second,120,-3881,-3.04813027,6327,-6000.000,-6000.000,190000,0,0,1,0,1,
12.425455,48940998,1,14,0.245518,4,move_second,124,-3877,-3.04498868,6141,-6000.000,-6000.000,190000,0,0,1,0,1,
12.456109,48970998,1,14,0.276172,4,move_second,123,-3878,-3.04577408,5961,-6000.000,-6000.000,190000,0,0,1,0,1,
12.486571,49002001,1,14,0.306634,4,move_second,121,-3880,-3.04734487,5775,-6000.000,-6000.000,190000,0,0,1,0,1,
12.517260,49038080,1,14,0.337323,4,move_second,113,-3888,-3.05362806,5558,-6000.000,-6000.000,190000,0,0,1,0,1,
12.547942,49062998,1,14,0.368005,4,move_second,107,-3894,-3.05834045,5409,-6000.000,-6000.000,190000,0,0,1,0,1,
12.578498,49100080,1,14,0.398561,4,move_second,93,-3908,-3.06933602,5186,-6000.000,-6000.000,190000,0,0,1,0,1,
12.609007,49124998,1,14,0.429071,4,move_second,82,-3919,-3.07797540,5037,-6000.000,-6000.000,190000,0,0,1,0,1,
12.639256,49154998,1,14,0.459319,4,move_second,66,-3935,-3.09054177,4857,-6000.000,-6000.000,190000,0,0,1,0,1,
12.669756,49186001,1,14,0.489820,4,move_second,47,-3954,-3.10546434,4671,-6000.000,-6000.000,190000,0,0,1,0,1,
12.700280,49216001,1,14,0.520343,4,move_second,30,-3971,-3.11881611,4491,-6000.000,-6000.000,190000,0,0,1,0,1,
12.731013,49246001,1,14,0.551076,4,move_second,11,-3990,-3.13373867,4311,-6000.000,-6000.000,190000,0,0,1,0,1,
12.762342,49283074,1,14,0.582405,4,move_second,-13,3986,3.13059708,4089,-6000.000,-6000.000,190000,0,0,1,0,1,
12.792972,49308001,1,14,0.613035,4,move_second,-29,3970,3.11803071,3939,-6000.000,-6000.000,190000,0,0,1,0,1,
12.823211,49345074,1,14,0.643275,4,move_second,-51,3948,3.10075195,3717,-6000.000,-6000.000,190000,0,0,1,0,1,
12.854032,49370001,1,14,0.674095,4,move_second,-65,3934,3.08975637,3567,-6000.000,-6000.000,190000,0,0,1,0,1,
12.884312,49400001,1,14,0.704375,4,move_second,-81,3918,3.07719000,3387,-6000.000,-6000.000,190000,0,0,1,0,1,
12.915083,49430998,1,14,0.735146,4,move_second,-94,3905,3.06697983,3201,-6000.000,-6000.000,190000,0,0,1,0,1,
12.945575,49460998,1,14,0.765638,4,move_second,-104,3895,3.05912585,3021,-6000.000,-6000.000,190000,0,0,1,0,1,
12.976139,49492001,1,14,0.796202,4,move_second,-113,3886,3.05205726,2835,-6000.000,-6000.000,190000,0,0,1,0,1,
13.006539,49522001,1,14,0.826602,4,move_second,-118,3881,3.04813027,2655,-6000.000,-6000.000,190000,0,0,1,0,1,
13.037844,49552998,1,14,0.857907,4,move_second,-120,3879,3.04655948,2469,-6000.000,-6000.000,190000,0,0,1,0,1,
13.068996,49590080,1,14,0.889059,4,move_second,-119,3880,3.04734487,2247,-6000.000,-6000.000,190000,0,0,1,0,1,
13.099549,49614998,1,14,0.919612,4,move_second,-115,3884,3.05048647,2098,-6000.000,-6000.000,190000,0,0,1,0,1,
13.130029,49651074,1,14,0.950092,4,move_second,-108,3891,3.05598425,1881,-6000.000,-6000.000,190000,0,0,1,0,1,
13.161178,49676001,1,14,0.981241,4,move_second,-99,3900,3.06305284,1732,-6000.000,-6000.000,190000,0,0,1,0,1,
13.191755,49713074,1,14,1.011819,4,move_second,-83,3916,3.07561921,1509,-6000.000,-6000.000,190000,0,0,1,0,1,
13.222393,49738001,1,14,1.042457,4,move_second,-72,3927,3.08425859,1360,-6000.000,-6000.000,190000,0,0,1,0,1,
13.252959,49768001,1,14,1.073022,4,move_second,-56,3943,3.09682496,1180,-6000.000,-6000.000,190000,0,0,1,0,1,
13.283557,49798998,1,14,1.103620,4,move_second,-39,3960,3.11017673,994,-6000.000,-6000.000,190000,0,0,1,0,1,
13.314056,49835074,1,14,1.134119,4,move_second,-17,3982,3.12745549,777,-6000.000,-6000.000,190000,0,0,1,0,1,
13.345331,49860001,1,14,1.165394,4,move_second,-1,3998,3.14002186,628,-6000.000,-6000.000,190000,0,0,1,0,1,
13.375721,49897074,1,14,1.195784,4,move_second,22,-3979,-3.12509929,405,-6000.000,-6000.000,190000,0,0,1,0,1,
13.407654,49922001,1,15,0.000000,4,stop_second,37,-3964,-3.11331832,256,0.000,-6000.000,190000,0,0,1,0,1,
13.438072,49960160,1,15,0.030418,4,stop_second,58,-3943,-3.09682496,27,0.000,-6000.000,190000,0,0,1,0,1,
13.468504,49985006,1,15,0.060850,4,stop_second,68,-3933,-3.08897098,-67,0.000,-1440.760,190000,0,0,1,0,1,
13.499090,50014998,1,15,0.091436,4,stop_second,68,-3933,-3.08897098,-73,0.000,0.000,190000,0,0,1,0,1,
13.529521,50044998,1,15,0.121867,4,stop_second,64,-3937,-3.09211257,-73,0.000,0.000,190000,0,0,1,0,1,
13.559930,50081074,1,15,0.152276,4,stop_second,58,-3943,-3.09682496,-73,0.000,0.000,190000,0,0,1,0,1,
13.591449,50106001,1,15,0.183795,4,stop_second,52,-3949,-3.10153735,-73,0.000,0.000,190000,0,0,1,0,1,
13.621815,50143074,1,15,0.214161,4,stop_second,42,-3959,-3.10939133,-73,0.000,0.000,190000,0,0,1,0,1,
13.652333,50168001,1,15,0.244679,4,stop_second,34,-3967,-3.11567451,-73,0.000,0.000,190000,0,0,1,0,1,
13.683936,50198001,1,15,0.276282,4,stop_second,24,-3977,-3.12352850,-73,0.000,0.000,190000,0,0,1,0,1,
13.714360,50234001,1,15,0.306706,4,stop_second,12,-3989,-3.13295327,-73,0.000,0.000,190000,0,0,1,0,1,
13.744811,50266080,1,15,0.337157,4,stop_second,0,3999,3.14080726,-73,0.000,0.000,190000,0,0,1,0,1,
13.775299,50290998,1,15,0.367645,4,stop_second,-9,3990,3.13373867,-73,0.000,0.000,190000,0,0,1,0,1,
13.806873,50320998,1,15,0.399219,4,stop_second,-20,3979,3.12509929,-73,0.000,0.000,190000,0,0,1,0,1,
13.837223,50356998,1,15,0.429569,4,stop_second,-32,3967,3.11567451,-73,0.000,0.000,190000,0,0,1,0,1,
13.867642,50389074,1,15,0.459988,4,stop_second,-42,3957,3.10782053,-73,0.000,0.000,190000,0,0,1,0,1,
13.898180,50414001,1,15,0.490526,4,stop_second,-48,3951,3.10310814,-73,0.000,0.000,190000,0,0,1,0,1,
13.928780,50444001,1,16,0.000000,5,move_first,-55,3944,3.09761036,-73,6000.000,0.000,190000,0,0,1,0,1,
13.959344,50474998,1,16,0.030564,5,move_first,-61,3938,3.09289797,-73,6000.000,0.000,190000,0,0,1,0,1,
13.989804,50506001,1,16,0.061025,5,move_first,-68,3931,3.08740018,-14,6000.000,4560.000,190000,0,0,1,0,1,
14.020274,50536001,1,16,0.091495,5,move_first,-85,3914,3.07404841,162,6000.000,6000.000,190000,0,0,1,0,1,
14.051034,50566998,1,16,0.122254,5,move_first,-101,3898,3.06148204,348,6000.000,6000.000,190000,0,0,1,0,1,
14.081446,50596998,1,16,0.152666,5,move_first,-114,3885,3.05127186,528,6000.000,6000.000,190000,0,0,1,0,1,
14.112656,50628001,1,16,0.183876,5,move_first,-126,3873,3.04184709,714,6000.000,6000.000,190000,0,0,1,0,1,
14.143120,50658001,1,16,0.214341,5,move_first,-133,3866,3.03634930,894,6000.000,6000.000,190000,0,0,1,0,1,
14.173774,50688998,1,16,0.244995,5,move_first,-137,3862,3.03320771,1080,6000.000,6000.000,190000,0,0,1,0,1,
14.204146,50725074,1,16,0.275366,5,move_first,-137,3862,3.03320771,1296,6000.000,6000.000,190000,0,0,1,0,1,
14.234839,50750001,1,16,0.306059,5,move_first,-135,3864,3.03477850,1446,6000.000,6000.000,190000,0,0,1,0,1,
14.265398,50787074,1,16,0.336619,5,move_first,-127,3872,3.04106169,1668,6000.000,6000.000,190000,0,0,1,0,1,
14.295850,50812001,1,16,0.367071,5,move_first,-118,3881,3.04813027,1818,6000.000,6000.000,190000,0,0,1,0,1,
14.326467,50842001,1,16,0.397688,5,move_first,-106,3893,3.05755505,1998,6000.000,6000.000,190000,0,0,1,0,1,
14.356815,50872998,1,16,0.428036,5,move_first,-90,3909,3.07012142,2184,6000.000,6000.000,190000,0,0,1,0,1,
14.388421,50902998,1,16,0.459641,5,move_first,-73,3926,3.08347319,2364,6000.000,6000.000,190000,0,0,1,0,1,
14.418944,50934001,1,16,0.490164,5,move_first,-54,3945,3.09839575,2549,6000.000,6000.000,190000,0,0,1,0,1,
14.449375,50971074,1,16,0.520595,5,move_first,-28,3971,3.11881611,2772,6000.000,6000.000,190000,0,0,1,0,1,
14.479977,50996001,1,16,0.551197,5,move_first,-11,3988,3.13216788,2921,6000.000,6000.000,190000,0,0,1,0,1,
14.510784,51026001,1,16,0.582005,5,move_first,10,-3991,-3.13452407,3101,6000.000,6000.000,190000,0,0,1,0,1,
14.542358,51056998,1,16,0.613578,5,move_first,32,-3969,-3.11724531,3287,6000.000,6000.000,190000,0,0,1,0,1,
14.572900,51094080,1,16,0.644121,5,move_first,56,-3945,-3.09839575,3510,6000.000,6000.000,190000,0,0,1,0,1,
14.603297,51118998,1,16,0.674517,5,move_first,72,-3929,-3.08582938,3659,6000.000,6000.000,190000,0,0,1,0,1,
14.633718,51148998,1,16,0.704938,5,move_first,88,-3913,-3.07326301,3839,6000.000,6000.000,190000,0,0,1,0,1,
14.664138,51180001,1,16,0.735358,5,move_first,104,-3897,-3.06069664,4025,6000.000,6000.000,190000,0,0,1,0,1,
14.695729,51210001,1,16,0.766950,5,move_first,116,-3885,-3.05127186,4205,6000.000,6000.000,190000,0,0,1,0,1,
14.726179,51246001,1,16,0.797399,5,move_first,126,-3875,-3.04341788,4421,6000.000,6000.000,190000,0,0,1,0,1,
14.757638,51278080,1,16,0.828858,5,move_first,131,-3870,-3.03949089,4614,6000.000,6000.000,190000,0,0,1,0,1,
14.788058,51308001,1,16,0.859278,5,move_first,133,-3868,-3.03792010,4793,6000.000,6000.000,190000,0,0,1,0,1,
14.818472,51340080,1,16,0.889693,5,move_first,131,-3870,-3.03949089,4985,6000.000,6000.000,190000,0,0,1,0,1,
14.849567,51364998,1,16,0.920787,5,move_first,127,-3874,-3.04263249,5135,6000.000,6000.000,190000,0,0,1,0,1,
14.880178,51401074,1,16,0.951398,5,move_first,118,-3883,-3.04970107,5351,6000.000,6000.000,190000,0,0,1,0,1,
14.910831,51426001,1,16,0.982051,5,move_first,109,-3892,-3.05676965,5501,6000.000,6000.000,190000,0,0,1,0,1,
14.942409,51463074,1,16,1.013629,5,move_first,93,-3908,-3.06933602,5723,6000.000,6000.000,190000,0,0,1,0,1,
14.973307,51488001,1,16,1.044527,5,move_first,79,-3922,-3.08033160,5873,6000.000,6000.000,190000,0,0,1,0,1,
15.003908,51525074,1,16,1.075128,5,move_first,57,-3944,-3.09761036,6095,6000.000,6000.000,190000,0,0,1,0,1,
15.034634,51550001,1,16,1.105854,5,move_first,41,-3960,-3.11017673,6245,6000.000,6000.000,190000,0,0,1,0,1,
15.065157,51586083,1,16,1.136378,5,move_first,17,-3984,-3.12902628,6461,6000.000,6000.000,190000,0,0,1,0,1,
15.095746,51610998,1,16,1.166966,5,move_first,0,3999,3.14080726,6611,6000.000,6000.000,190000,0,0,1,0,1,
15.126257,51647074,1,16,1.197477,5,move_first,-24,3975,3.12195770,6827,6000.000,6000.000,190000,0,0,1,0,1,
15.157045,51672001,1,17,0.000000,5,stop_first,-41,3958,3.10860593,6977,0.000,6000.000,190000,0,0,1,0,1,
15.187581,51709155,1,17,0.030535,5,stop_first,-65,3934,3.08975637,7199,0.000,6000.000,190000,0,0,1,0,1,
15.218298,51734001,1,17,0.061253,5,stop_first,-75,3924,3.08190239,7289,0.000,1440.000,190000,0,0,1,0,1,
15.248752,51764001,1,17,0.091707,5,stop_first,-77,3922,3.08033160,7294,0.000,0.000,190000,0,0,1,0,1,
15.279317,51794998,1,17,0.122271,5,stop_first,-75,3924,3.08190239,7294,0.000,0.000,190000,0,0,1,0,1,
15.309957,51824998,1,17,0.152912,5,stop_first,-71,3928,3.08504399,7294,0.000,0.000,190000,0,0,1,0,1,
15.340685,51856001,1,17,0.183639,5,stop_first,-65,3934,3.08975637,7294,0.000,0.000,190000,0,0,1,0,1,
15.371169,51892080,1,17,0.214124,5,stop_first,-55,3944,3.09761036,7294,0.000,0.000,190000,0,0,1,0,1,
15.401630,51916998,1,17,0.244584,5,stop_first,-48,3951,3.10310814,7294,0.000,0.000,190000,0,0,1,0,1,
15.432066,51953074,1,17,0.275021,5,stop_first,-36,3963,3.11253292,7294,0.000,0.000,190000,0,0,1,0,1,
15.462710,51978001,1,17,0.305665,5,stop_first,-27,3972,3.11960151,7294,0.000,0.000,190000,0,0,1,0,1,
15.493189,52014080,1,17,0.336144,5,stop_first,-13,3986,3.13059708,7294,0.000,0.000,190000,0,0,1,0,1,
15.523945,52038998,1,17,0.366900,5,stop_first,-3,3996,3.13845106,7294,0.000,0.000,190000,0,0,1,0,1,
15.554197,52076080,1,17,0.397151,5,stop_first,12,-3989,-3.13295327,7294,0.000,0.000,190000,0,0,1,0,1,
15.585802,52100998,1,17,0.428756,5,stop_first,21,-3980,-3.12588469,7294,0.000,0.000,190000,0,0,1,0,1,
15.618538,52138080,1,17,0.461493,5,stop_first,35,-3966,-3.11488912,7294,0.000,0.000,190000,0,0,1,0,1,
15.648980,52168001,1,17,0.491935,5,stop_first,45,-3956,-3.10703513,7294,0.000,0.000,190000,0,0,1,0,1,
15.679727,52201074,1,18,0.000000,5,move_second,54,-3947,-3.09996655,7294,-6000.000,0.000,190000,0,0,1,0,1,
15.710048,52226001,1,18,0.030321,5,move_second,60,-3941,-3.09525416,7294,-6000.000,0.000,190000,0,0,1,0,1,
15.740662,52256998,1,18,0.060935,5,move_second,70,-3931,-3.08740018,7230,-6000.000,-4940.000,190000,0,0,1,0,1,
15.771178,52286998,1,18,0.091451,5,move_second,88,-3913,-3.07326301,7054,-6000.000,-6000.000,190000,0,0,1,0,1,
15.802009,52316998,1,18,0.122282,5,move_second,106,-3895,-3.05912585,6874,-6000.000,-6000.000,190000,0,0,1,0,1,
15.832394,52354080,1,18,0.152667,5,move_second,124,-3877,-3.04498868,6651,-6000.000,-6000.000,190000,0,0,1,0,1,
15.862868,52378998,1,18,0.183141,5,move_second,133,-3868,-3.03792010,6502,-6000.000,-6000.000,190000,0,0,1,0,1,
15.893557,52408998,1,18,0.213830,5,move_second,142,-3859,-3.03085151,6322,-6000.000,-6000.000,190000,0,0,1,0,1,
15.924117,52440001,1,18,0.244390,5,move_second,147,-3854,-3.02692452,6136,-6000.000,-6000.000,190000,0,0,1,0,1,
15.955022,52470001,1,18,0.275295,5,move_second,148,-3853,-3.02613912,5956,-6000.000,-6000.000,190000,0,0,1,0,1,
15.985659,52500998,1,18,0.305932,5,move_second,146,-3855,-3.02770992,5770,-6000.000,-6000.000,190000,0,0,1,0,1,
16.016008,52537074,1,18,0.336281,5,move_second,138,-3863,-3.03399311,5553,-6000.000,-6000.000,190000,0,0,1,0,1,
16.046594,52562001,1,18,0.366867,5,move_second,130,-3871,-3.04027629,5404,-6000.000,-6000.000,190000,0,0,1,0,1,
16.077252,52598080,1,18,0.397525,5,move_second,115,-3886,-3.05205726,5188,-6000.000,-6000.000,190000,0,0,1,0,1,
16.108992,52622998,1,18,0.429265,5,move_second,102,-3899,-3.06226744,5038,-6000.000,-6000.000,190000,0,0,1,0,1,
16.139451,52661074,1,18,0.459724,5,move_second,78,-3923,-3.08111700,4810,-6000.000,-6000.000,190000,0,0,1,0,1,
16.170217,52686001,1,18,0.490490,5,move_second,61,-3940,-3.09446876,4660,-6000.000,-6000.000,190000,0,0,1,0,1,
16.200763,52716001,1,18,0.521036,5,move_second,39,-3962,-3.11174752,4480,-6000.000,-6000.000,190000,0,0,1,0,1,
16.231275,52746998,1,18,0.551547,5,move_second,16,-3985,-3.12981168,4294,-6000.000,-6000.000,190000,0,0,1,0,1,
16.261991,52776998,1,18,0.582264,5,move_second,-7,3992,3.13530947,4114,-6000.000,-6000.000,190000,0,0,1,0,1,
16.292956,52808001,1,18,0.613228,5,move_second,-31,3968,3.11645991,3928,-6000.000,-6000.000,190000,0,0,1,0,1,
16.323047,52845074,1,18,0.643320,5,move_second,-58,3941,3.09525416,3706,-6000.000,-6000.000,190000,0,0,1,0,1,
16.353679,52870001,1,18,0.673952,5,move_second,-75,3924,3.08190239,3556,-6000.000,-6000.000,190000,0,0,1,0,1,
16.384532,52900001,1,18,0.704805,5,move_second,-93,3906,3.06776523,3376,-6000.000,-6000.000,190000,0,0,1,0,1,
16.414993,52930001,1,18,0.735266,5,move_second,-109,3890,3.05519886,3196,-6000.000,-6000.000,190000,0,0,1,0,1,
16.445536,52967074,1,18,0.765809,5,move_second,-125,3874,3.04263249,2974,-6000.000,-6000.000,190000,0,0,1,0,1,
16.475929,52992001,1,18,0.796202,5,move_second,-134,3865,3.03556390,2824,-6000.000,-6000.000,190000,0,0,1,0,1,
16.506919,53022001,1,18,0.827192,5,move_second,-141,3858,3.03006611,2644,-6000.000,-6000.000,190000,0,0,1,0,1,
16.538410,53052998,1,18,0.858682,5,move_second,-144,3855,3.02770992,2459,-6000.000,-6000.000,190000,0,0,1,0,1,
16.568770,53090080,1,18,0.889042,5,move_second,-144,3855,3.02770992,2236,-6000.000,-6000.000,190000,0,0,1,0,1,
16.599314,53114998,1,18,0.919587,5,move_second,-140,3859,3.03085151,2087,-6000.000,-6000.000,190000,0,0,1,0,1,
16.630150,53144998,1,18,0.950423,5,move_second,-133,3866,3.03634930,1907,-6000.000,-6000.000,190000,0,0,1,0,1,
16.660810,53176001,1,18,0.981083,5,move_second,-122,3877,3.04498868,1721,-6000.000,-6000.000,190000,0,0,1,0,1,
16.692149,53213074,1,18,1.012422,5,move_second,-104,3895,3.05912585,1498,-6000.000,-6000.000,190000,0,0,1,0,1,
16.722911,53238001,1,18,1.043184,5,move_second,-90,3909,3.07012142,1349,-6000.000,-6000.000,190000,0,0,1,0,1,
16.753447,53275074,1,18,1.073720,5,move_second,-67,3932,3.08818558,1126,-6000.000,-6000.000,190000,0,0,1,0,1,
16.784175,53300001,1,18,1.104448,5,move_second,-51,3948,3.10075195,977,-6000.000,-6000.000,190000,0,0,1,0,1,
16.814593,53330001,1,18,1.134866,5,move_second,-29,3970,3.11803071,797,-6000.000,-6000.000,190000,0,0,1,0,1,
16.845198,53360998,1,18,1.165471,5,move_second,-6,3993,3.13609487,611,-6000.000,-6000.000,190000,0,0,1,0,1,
16.875975,53390998,1,18,1.196248,5,move_second,16,-3985,-3.12981168,431,-6000.000,-6000.000,190000,0,0,1,0,1,
16.906573,53422001,1,19,0.000000,5,stop_second,39,-3962,-3.11174752,245,0.000,-6000.000,190000,0,0,1,0,1,
16.938217,53458160,1,19,0.031644,5,stop_second,64,-3937,-3.09211257,28,0.000,-6000.000,190000,0,0,1,0,1,
16.968897,53488001,1,19,0.062324,5,stop_second,79,-3922,-3.08033160,-71,0.000,-680.760,190000,0,0,1,0,1,
16.999655,53521074,1,19,0.093082,5,stop_second,81,-3920,-3.07876080,-72,0.000,0.000,190000,0,0,1,0,1,
17.030251,53546001,1,19,0.123678,5,stop_second,80,-3921,-3.07954620,-72,0.000,0.000,190000,0,0,1,0,1,
17.061859,53576001,1,19,0.155286,5,stop_second,77,-3924,-3.08190239,-72,0.000,0.000,190000,0,0,1,0,1,
17.092429,53612001,1,19,0.185856,5,stop_second,72,-3929,-3.08582938,-72,0.000,0.000,190000,0,0,1,0,1,
17.123111,53644080,1,19,0.216538,5,stop_second,65,-3936,-3.09132717,-72,0.000,0.000,190000,0,0,1,0,1,
17.154274,53668998,1,19,0.247701,5,stop_second,58,-3943,-3.09682496,-72,0.000,0.000,190000,0,0,1,0,1,
17.184850,53706080,1,19,0.278277,5,stop_second,46,-3955,-3.10624974,-72,0.000,0.000,190000,0,0,1,0,1,
17.215382,53730998,1,19,0.308809,5,stop_second,37,-3964,-3.11331832,-72,0.000,0.000,190000,0,0,1,0,1,
17.245921,53760998,1,19,0.339348,5,stop_second,25,-3976,-3.12274310,-72,0.000,0.000,190000,0,0,1,0,1,
17.276805,53792001,1,19,0.370232,5,stop_second,12,-3989,-3.13295327,-72,0.000,0.000,190000,0,0,1,0,1,
17.307317,53829074,1,19,0.400744,5,stop_second,-3,3996,3.13845106,-72,0.000,0.000,190000,0,0,1,0,1,
17.337973,53854001,1,19,0.431400,5,stop_second,-13,3986,3.13059708,-72,0.000,0.000,190000,0,0,1,0,1,
17.368640,53884012,1,19,0.462067,5,stop_second,-26,3973,3.12038690,-72,0.000,0.000,190000,0,0,1,0,1,
17.399363,53914998,1,19,0.492790,5,stop_second,-37,3962,3.11174752,-72,0.000,0.000,190000,0,0,1,0,1,
17.429738,53944998,1,19,0.523165,5,stop_second,-48,3951,3.10310814,-72,0.000,0.000,190000,0,0,1,0,1,completed
